year,BIT,SUB,NG,WAT,NUC,WDS,LFG,MSB,BLQ,PC,DFO,RFO
2019,51.26279021,51.2021,26.10841,0,0,25.130541,27.10830541,24.10830541,22.0541,21.54298221,20.32004991,19.09711761
2020,64.09700961,63.150961,34.39445369,0,0,31.39445369,34.3369,31.369,32.34133087,32.32860403,32.31587718,32.30315034
2021,78.35859425,75.099822,38.37971963,0,0,38.37971963,36.37963,34.3763,32.37513025,30.37342043,28.37171062,33.3700008
2022,93.30853462,87.048683,45.23217074,0,0,45.70213941,42.4516,47.13941,45.741,46.4596353,46.94007447,47.42051365
2023,107.4696456,98.997544,51.36782555,0,0,52.63819374,54.971963,53.819374,54.99102384,55.58161397,56.1722041,56.76279423
